attendance,Game Week,Pre-Match PPG (Home),Pre-Match PPG (Away),home_ppg,away_ppg,home_team_goal_count,away_team_goal_count,result,Home Team Pre-Match xG,Away Team Pre-Match xG,average_corners_per_match_pre_match,average_cards_per_match_pre_match,odds_ft_home_team_win,odds_ft_draw,odds_ft_away_team_win
74439,1,0.00,0.00,1.89,1.32,2,1,0,0.00,0.00,0.00,0.00,1.37,4.98,9.81
51749,1,0.00,0.00,1.32,1.74,1,2,1,0.00,0.00,0.00,0.00,4.51,3.77,1.84
10353,1,0.00,0.00,1.53,0.74,2,0,0,0.00,0.00,0.00,0.00,2.03,3.51,3.96
24821,1,0.00,0.00,1.11,1.53,0,2,1,0.00,0.00,0.00,0.00,2.31,3.44,3.26
24121,1,0.00,0.00,0.47,1.58,0,3,1,0.00,0.00,0.00,0.00,7.47,4.27,1.51
20051,1,0.00,0.00,1.42,0.68,2,0,0,0.00,0.00,0.00,0.00,2.26,3.35,3.45
31231,1,0.00,0.00,1.79,1.05,2,2,2,0.00,0.00,0.00,0.00,2.57,3.39,2.89
53235,1,0.00,0.00,2.79,1.11,4,0,0,0.00,0.00,0.00,0.00,1.33,5.56,9.99
30784,1,0.00,0.00,1.21,0.89,0,0,2,0.00,0.00,0.00,0.00,1.93,3.47,4.48
59934,1,0.00,0.00,2.37,2.32,0,2,1,0.00,0.00,0.00,0.00,3.70,3.81,2.01
30720,2,0.00,0.00,1.05,1.05,0,0,2,0.00,0.00,0.00,0.00,3.01,3.11,2.66
38601,2,0.00,0.00,1.79,0.84,2,1,0,0.00,0.00,0.00,0.00,2.07,3.36,4.02
32043,2,0.00,0.00,1.42,1.21,2,0,0,0.00,0.00,0.00,0.00,2.08,3.48,3.83
58297,2,0.00,0.00,2.00,0.26,3,1,0,0.00,0.00,0.00,0.00,1.28,6.05,9.99
56888,2,0.00,0.00,1.63,0.84,1,2,1,0.00,0.00,0.00,0.00,2.24,3.52,3.35
40491,2,0.00,0.00,2.21,1.32,3,2,0,0.00,0.00,0.00,0.00,1.91,3.95,4.20
18822,2,0.00,0.00,1.21,1.21,1,3,1,0.00,0.00,0.00,0.00,2.40,3.08,3.46
54021,2,0.00,0.00,2.84,0.37,6,1,0,0.00,0.00,0.00,0.00,1.09,9.99,9.99
30592,2,0.00,0.00,1.21,1.58,3,2,0,0.00,0.00,0.00,0.00,5.29,3.56,1.79
25750,2,0.00,0.00,1.05,2.32,0,2,1,0.00,0.00,0.00,0.00,6.76,4.74,1.49
31222,3,1.00,3.00,1.79,2.32,1,1,2,1.41,1.91,12.00,2.00,9.99,6.28,1.27
10654,3,3.00,1.00,1.53,1.05,2,2,2,1.50,1.34,13.00,4.00,2.52,3.32,3.02
59830,3,0.00,0.00,2.37,1.11,3,1,0,1.11,0.75,6.00,4.00,1.51,4.59,6.65
21193,3,0.00,0.00,0.47,0.74,0,0,2,0.90,0.89,6.00,3.00,2.25,3.21,3.66
29925,3,1.00,0.00,1.21,1.32,1,2,1,1.29,1.46,13.00,1.00,2.44,3.21,3.25
53294,3,3.00,0.00,2.79,0.68,1,0,0,2.12,0.65,7.00,3.00,1.18,7.93,9.99
20014,3,3.00,3.00,1.42,1.53,2,1,0,1.78,1.81,13.00,4.00,2.49,3.31,3.07
23438,3,0.00,1.00,1.11,0.89,4,2,0,1.67,1.69,10.00,2.00,2.48,3.20,3.19
51791,3,0.00,3.00,1.32,1.58,1,2,1,1.18,1.17,8.00,3.00,5.20,3.70,1.76
74400,3,3.00,3.00,1.89,1.74,0,3,1,1.25,1.58,7.00,4.00,2.19,3.45,3.53
32149,4,3.00,3.00,1.42,2.32,1,2,1,0.81,1.70,8.00,5.00,6.34,4.59,1.53
30526,4,3.00,0.00,1.21,0.26,2,2,2,0.97,1.04,5.00,1.00,2.19,3.35,3.63
40178,4,3.00,3.00,2.21,0.84,2,0,0,2.47,1.31,9.00,2.00,1.29,5.98,9.99
25495,4,0.00,0.00,1.05,0.84,0,2,1,1.03,1.33,11.00,8.00,2.03,3.42,4.11
38767,4,3.00,0.00,1.79,0.37,1,1,2,1.69,0.59,5.00,2.00,1.50,4.34,7.53
59947,4,0.00,0.00,1.63,1.21,0,1,1,1.39,1.53,15.00,7.00,2.54,3.35,2.96
53946,4,3.00,1.00,2.84,1.05,2,1,0,3.23,1.22,15.00,4.00,1.12,9.99,9.99
32316,4,1.00,0.00,1.05,1.32,2,3,1,1.03,1.61,6.00,4.00,5.54,4.07,1.66
21525,4,0.00,0.00,1.21,1.58,0,2,1,1.09,1.06,10.00,2.00,5.92,3.59,1.72
20141,4,3.00,3.00,1.42,1.74,2,1,0,1.64,1.34,10.50,5.50,5.20,4.08,1.69
80188,5,3.00,3.00,2.00,2.32,1,2,1,2.75,1.46,10.50,1.50,3.20,3.60,2.30
10543,5,2.00,1.50,1.53,1.32,4,2,0,1.63,1.35,10.50,2.50,2.40,3.45,3.10
40499,5,3.00,0.50,2.21,0.74,4,1,0,2.16,1.18,11.50,2.00,1.16,9.00,21.75
23696,5,0.50,1.50,0.47,1.53,0,1,1,0.83,1.51,8.50,4.00,3.35,3.20,2.45
53307,5,3.00,0.50,2.84,0.26,3,0,0,2.79,1.13,8.50,1.50,1.10,13.75,28.75
52165,5,0.00,1.50,1.32,1.32,1,2,1,0.93,1.98,8.50,5.50,4.55,3.85,1.87
20537,5,3.00,1.50,1.42,1.58,1,2,1,1.47,1.56,10.67,5.67,4.55,3.65,1.91
30406,5,1.00,0.50,1.79,0.89,1,0,0,1.18,1.38,8.50,1.50,1.77,3.55,5.85
39161,5,2.00,0.00,1.79,1.11,1,3,1,1.38,1.10,6.00,4.00,2.00,3.60,4.15
27742,5,0.50,0.00,1.21,0.68,2,2,2,1.42,0.71,12.50,3.00,2.05,3.30,4.20
23418,6,1.50,3.00,1.11,1.21,1,1,2,2.16,1.25,7.50,3.50,2.85,3.45,2.55
18636,6,0.00,1.50,1.21,0.84,4,0,0,1.11,1.16,8.50,3.50,3.05,3.30,2.45
32321,6,0.50,2.00,1.05,2.32,0,5,1,1.26,1.88,13.00,4.50,20.50,8.75,1.15
25679,6,0.00,0.50,1.05,1.05,0,0,2,1.43,0.92,9.00,4.00,2.05,3.40,4.05
31676,6,1.50,0.50,1.42,0.37,3,1,0,1.10,0.96,5.50,6.00,1.71,3.65,5.70
50965,6,3.00,1.50,2.79,0.84,3,0,0,2.19,1.50,11.00,4.00,1.19,7.75,16.25
74489,6,1.50,1.50,1.89,1.21,1,1,2,1.63,1.64,10.00,3.00,1.67,3.95,5.70
30531,6,2.00,2.00,1.21,1.74,1,2,1,1.33,1.38,10.67,4.00,5.40,3.95,1.69
56875,6,0.00,3.00,1.63,1.58,0,0,2,1.35,1.43,10.00,5.00,5.55,4.30,1.61
59964,6,1.50,1.00,2.37,1.05,2,0,0,1.56,1.25,8.50,5.50,1.43,5.10,7.25
56938,7,0.33,2.00,1.63,1.58,3,1,0,1.14,1.50,9.67,6.33,4.20,3.60,1.95
60019,7,2.00,2.00,2.37,1.21,2,0,0,1.47,1.40,9.67,3.17,1.49,4.75,6.70
38788,7,1.33,0.33,1.79,0.26,3,0,0,1.42,1.11,5.66,2.67,1.67,4.20,5.35
23885,7,0.33,2.25,0.47,1.74,0,2,1,1.03,1.46,10.67,3.42,6.40,4.05,1.59
54152,7,3.00,0.33,2.84,0.68,2,0,0,2.66,0.89,11.67,2.00,1.09,12.00,33.00
51523,7,0.00,1.00,1.32,1.32,0,2,1,0.85,1.51,10.34,3.67,2.75,3.20,2.80
31147,7,1.67,1.00,1.79,0.84,2,0,0,1.59,1.20,10.00,3.67,1.91,3.50,4.55
40625,7,3.00,3.00,2.21,2.32,1,1,2,2.06,1.61,10.67,1.67,2.65,3.45,2.70
30411,7,0.33,0.33,1.05,0.89,1,2,1,1.02,1.24,6.67,4.00,2.55,3.05,3.20
10199,7,2.33,2.00,1.53,1.53,2,1,0,1.47,1.24,9.34,4.00,2.25,3.40,3.35
30544,8,1.33,1.00,1.21,1.11,1,0,0,1.24,1.11,7.67,5.33,2.75,3.30,2.75
20533,8,1.00,0.33,1.21,0.37,1,1,2,1.15,0.95,5.66,3.67,2.10,3.10,4.20
25715,8,0.33,1.33,1.05,1.21,0,1,1,1.48,1.66,13.00,2.67,2.80,3.20,2.75
32007,8,2.00,0.67,1.42,1.05,1,2,1,1.37,1.32,8.34,6.00,2.30,3.35,3.35
43268,8,1.50,0.33,2.00,0.74,1,0,0,1.89,1.09,10.00,0.67,1.24,6.40,15.00
20139,8,2.25,1.00,1.42,0.84,0,4,1,1.45,1.31,11.75,3.83,2.15,3.55,3.55
74519,8,1.33,0.67,1.89,1.05,3,2,0,1.61,0.93,7.33,3.34,1.44,4.50,8.50
25401,8,1.33,2.00,1.11,1.32,1,5,1,1.86,1.68,11.00,3.67,5.15,4.35,1.65
27077,8,0.67,2.33,1.21,1.58,0,3,1,1.45,1.59,12.33,2.67,6.10,4.10,1.61
52117,8,3.00,2.33,2.79,2.32,0,0,2,1.93,1.96,15.00,2.34,2.60,3.50,2.75
40721,9,2.50,1.50,2.21,1.58,2,2,2,1.84,1.42,12.00,3.00,1.71,3.95,5.20
10986,9,2.50,0.75,1.53,0.84,0,0,2,1.45,1.27,10.00,4.50,2.30,3.45,3.25
29681,9,0.25,0.25,1.05,0.26,4,2,0,1.25,0.99,6.75,3.25,2.50,3.40,2.95
54094,9,3.00,1.00,2.84,0.89,5,0,0,2.68,1.11,11.75,2.25,1.07,15.50,33.75
50329,9,0.00,0.25,1.32,0.68,0,1,1,0.82,0.78,9.00,3.50,2.20,3.20,3.80
56921,9,1.00,2.40,1.63,1.74,0,1,1,1.14,1.45,8.55,4.30,3.95,3.70,1.95
31144,9,2.00,1.33,1.79,1.21,0,2,1,1.59,1.45,11.33,3.17,1.77,3.60,5.50
24263,9,0.25,2.50,0.47,2.32,0,1,1,1.12,1.65,9.00,3.00,10.75,5.60,1.33
38668,9,1.75,1.50,1.79,1.53,2,0,0,1.48,1.19,9.00,3.75,1.83,3.55,4.85
59886,9,2.25,1.50,2.37,1.32,3,1,0,1.41,1.48,10.75,3.25,1.51,4.60,6.50
30654,10,1.75,1.75,1.21,1.21,1,0,0,1.27,1.48,9.25,4.00,3.20,3.15,2.50
25071,10,1.00,1.50,1.11,0.84,0,3,1,1.78,1.38,12.00,3.00,2.95,3.70,2.35
53373,10,2.50,0.25,2.79,0.74,4,1,0,1.69,1.16,9.25,2.00,1.10,10.50,30.00
30736,10,0.50,0.50,1.21,1.05,0,0,2,1.48,1.15,9.75,4.50,2.10,3.35,3.85
20457,10,1.80,0.50,1.42,0.37,3,0,0,1.34,1.04,10.85,5.00,1.74,3.60,5.45
31848,10,1.50,0.75,1.42,1.11,1,1,2,1.27,1.30,6.75,6.25,2.20,3.35,3.40
21430,10,1.00,2.50,1.21,1.58,0,4,1,1.05,1.62,10.25,2.50,10.50,4.95,1.36
25718,10,0.25,2.25,1.05,1.32,2,2,2,1.48,1.65,11.00,3.50,4.85,4.20,1.71
74525,10,1.75,1.25,1.89,1.05,2,1,0,1.80,1.47,12.25,4.25,1.74,3.90,5.05
56854,10,2.00,2.00,2.00,2.32,0,1,1,1.94,1.70,13.58,3.00,5.35,4.25,1.65
10792,11,2.20,1.40,1.53,1.58,1,2,1,1.39,1.36,11.20,5.00,3.90,3.65,2.05
30877,11,0.80,1.20,1.05,1.32,0,1,1,1.37,1.36,10.00,3.60,3.40,3.30,2.35
38966,11,2.00,0.80,1.79,0.68,3,1,0,1.55,0.81,9.60,3.60,1.61,4.00,6.95
49157,11,0.00,1.75,1.32,1.21,1,0,0,1.14,1.32,10.90,2.50,2.80,3.25,2.80
56862,11,0.80,0.80,1.63,0.89,4,2,0,1.24,0.98,7.80,4.80,1.67,4.00,5.95
59993,11,2.40,2.60,2.37,2.32,1,1,2,1.55,1.52,9.80,3.20,4.00,3.95,1.95
31185,11,1.60,2.50,1.79,1.74,2,3,1,1.48,1.36,11.40,3.30,3.50,3.40,2.25
53916,11,3.00,0.80,2.84,0.84,6,1,0,2.61,1.24,13.60,2.60,1.13,10.75,23.25
40407,11,2.20,1.20,2.21,1.53,3,1,0,1.86,1.18,9.00,3.00,1.32,5.85,10.50
17082,11,0.20,0.20,0.47,0.26,1,0,0,1.10,1.03,6.20,3.20,2.40,3.35,3.30
29402,12,0.67,0.67,1.05,0.68,2,1,0,1.36,0.80,8.16,4.00,2.60,3.05,3.10
24069,12,0.67,0.80,0.47,1.11,1,1,2,1.13,1.27,7.40,4.33,3.35,3.30,2.35
32184,12,1.40,0.67,1.42,0.89,0,0,2,1.52,0.94,6.60,5.30,1.53,4.20,7.00
49266,12,0.50,1.80,1.32,0.84,2,1,0,1.11,1.44,12.67,2.20,3.00,3.35,2.50
28153,12,0.60,1.40,1.21,1.21,1,1,2,1.57,1.32,11.40,4.40,2.40,3.30,3.20
25685,12,0.40,2.57,1.05,1.74,0,1,1,1.51,1.39,11.23,3.37,4.85,3.95,1.74
53128,12,2.60,0.17,2.79,0.26,2,0,0,1.77,0.96,8.27,2.43,1.12,10.75,22.25
40345,12,2.33,1.00,2.21,1.05,0,0,2,1.85,1.51,11.20,2.87,1.40,5.15,8.25
60030,12,2.17,1.40,2.37,1.21,1,1,2,1.54,1.62,11.17,3.07,1.62,4.15,5.70
54316,12,3.00,1.67,2.84,1.58,3,1,0,2.52,1.46,13.83,3.50,1.40,5.20,8.00
30553,13,2.00,1.50,1.21,1.32,1,1,2,1.18,1.38,10.10,4.07,3.05,3.25,2.55
39139,13,2.17,0.20,1.79,0.74,1,0,0,1.57,1.03,9.73,2.17,1.43,4.65,8.25
24603,13,0.80,0.67,1.11,0.84,3,2,0,1.65,1.30,10.27,4.20,2.60,3.35,2.85
74516,13,2.00,1.00,1.89,1.53,0,0,2,1.83,1.11,9.50,3.80,1.42,4.85,8.25
20540,13,2.00,2.33,1.42,2.32,0,3,1,1.40,1.48,11.17,4.00,6.35,4.30,1.56
56886,13,1.17,2.20,1.63,2.32,0,4,1,1.43,1.66,13.63,4.33,12.50,6.35,1.26
55465,13,1.50,2.60,2.00,1.58,3,1,0,1.64,1.71,11.55,2.25,2.80,3.40,2.60
10792,13,1.83,2.00,1.53,1.32,1,2,1,1.43,1.50,9.83,3.93,3.65,3.80,2.00
30130,13,1.33,0.40,1.79,0.37,0,2,1,1.53,1.15,10.17,3.67,1.50,4.20,7.75
20628,13,0.80,0.60,1.21,1.05,1,2,1,1.01,1.05,6.60,3.80,3.05,3.15,2.60
30213,14,1.00,1.33,1.05,1.21,2,1,0,1.43,1.58,10.04,3.50,3.65,3.20,2.25
25098,14,0.33,0.71,1.05,0.89,2,0,0,1.51,0.91,10.04,3.81,1.57,3.75,6.60
22973,14,0.71,0.57,0.47,0.68,1,2,1,1.23,0.80,7.14,3.43,2.40,2.90,3.40
31353,14,1.33,1.33,1.42,1.21,2,0,0,1.59,1.35,10.50,4.84,2.45,3.10,3.15
54409,14,3.00,1.50,2.84,0.84,3,1,0,2.40,1.43,14.24,1.74,1.12,8.75,20.50
51853,14,0.86,0.83,1.32,1.11,0,3,1,1.20,1.30,10.54,3.81,2.45,3.20,2.95
30187,14,0.67,1.43,1.21,1.58,2,2,2,1.54,1.34,11.31,5.04,4.00,3.30,2.00
40551,14,2.14,0.14,2.21,0.26,2,0,0,1.80,0.97,7.71,2.85,1.21,6.65,13.75
59973,14,2.00,2.63,2.37,1.74,4,2,0,1.52,1.37,10.63,3.21,2.60,3.55,2.75
51756,14,2.67,1.00,2.79,1.05,1,0,0,1.80,1.36,11.67,3.00,1.48,4.30,7.00
9980,15,1.57,0.83,1.53,0.37,2,1,0,1.40,1.21,9.88,4.29,1.74,3.75,5.40
29663,15,1.83,1.00,1.21,1.53,3,1,0,1.23,1.12,7.43,4.50,3.00,3.05,2.70
56811,15,1.00,0.17,1.63,0.74,3,1,0,1.36,0.99,9.47,3.33,1.67,3.95,5.65
20389,15,1.71,2.33,1.42,2.32,1,2,1,1.31,1.62,12.53,3.96,9.00,5.35,1.36
21741,15,0.67,2.43,1.21,2.32,1,3,1,1.09,1.50,8.47,3.26,12.25,5.95,1.28
22881,15,1.17,1.43,1.11,1.32,1,1,2,1.59,1.34,10.71,4.03,2.85,3.35,2.60
31300,15,1.14,2.17,1.79,1.58,2,1,0,1.48,1.61,12.04,2.90,5.55,3.80,1.71
39350,15,2.29,1.00,1.79,1.05,1,1,2,1.63,1.09,10.26,2.50,1.51,4.20,7.50
74507,15,1.83,2.17,1.89,1.32,2,2,2,1.79,1.56,11.34,3.17,2.35,3.55,3.10
33012,15,1.80,0.57,2.00,0.84,3,1,0,1.72,1.41,9.31,3.14,1.36,5.25,9.75
10752,16,1.75,2.50,1.53,2.32,0,4,1,1.34,1.59,11.13,3.75,7.00,4.60,1.49
59893,16,2.13,0.71,2.37,0.37,1,0,0,1.60,1.37,10.96,3.88,1.28,5.90,12.50
18497,16,0.57,0.88,1.21,0.68,1,0,0,1.14,0.89,6.95,3.84,2.90,3.05,2.80
30067,16,1.25,0.50,1.05,0.84,1,0,0,1.43,1.46,9.88,3.76,3.15,3.25,2.45
74523,16,1.71,0.13,1.89,0.26,4,1,0,1.73,1.00,9.42,3.49,1.39,5.10,8.50
56995,16,1.25,0.88,1.63,1.53,3,2,0,1.45,1.22,10.26,4.01,2.30,3.35,3.40
40571,16,2.25,2.43,2.21,2.32,2,0,0,1.80,1.67,12.17,2.82,3.65,3.55,2.10
31957,16,1.57,2.33,1.42,1.74,0,2,1,1.50,1.37,9.53,4.46,4.50,3.75,1.87
50223,16,0.75,1.14,1.32,1.21,1,2,1,1.25,1.59,12.18,2.95,3.00,3.05,2.75
38400,16,2.13,1.14,1.79,1.21,2,2,2,1.65,1.30,13.24,3.17,1.74,3.85,5.05
54173,17,3.00,0.86,2.84,1.05,3,1,0,2.32,1.32,12.92,2.79,1.22,6.75,12.75
24738,17,0.71,1.38,1.05,1.32,1,0,0,1.67,1.36,13.71,3.20,2.80,3.10,2.80
24036,17,0.63,1.00,0.47,1.05,0,1,1,1.19,1.10,7.45,3.38,2.60,2.95,3.15
41645,17,2.00,0.63,2.00,0.89,1,0,0,1.71,0.87,7.80,2.83,1.19,7.00,17.25
20032,17,1.50,0.14,1.42,0.74,3,2,0,1.33,1.02,8.93,3.43,1.61,3.85,6.20
30997,17,1.38,1.29,1.79,0.84,2,0,0,1.40,1.32,11.42,2.88,2.05,3.35,3.85
24081,17,1.14,1.14,1.11,1.11,0,2,1,1.67,1.27,9.42,4.57,2.95,3.50,2.45
30645,17,2.00,1.86,1.21,1.58,1,2,1,1.19,1.60,10.14,4.42,7.75,4.40,1.44
29497,17,0.71,2.00,1.21,1.32,3,2,0,1.56,1.50,10.28,4.28,4.30,3.95,1.80
52908,17,2.71,1.38,2.79,1.58,3,1,0,1.78,1.34,11.13,3.88,1.56,4.15,6.35
31358,18,1.56,2.56,1.79,2.32,0,2,1,1.37,1.56,10.78,3.00,6.75,4.10,1.54
59493,18,2.22,0.56,2.37,0.89,3,1,0,1.57,0.82,9.00,4.22,1.21,6.85,15.25
10491,18,1.56,0.78,1.53,0.68,2,0,0,1.29,0.94,9.34,4.33,1.95,3.55,4.10
40558,18,2.33,1.22,2.21,1.32,0,1,1,1.71,1.35,10.22,2.89,1.34,5.15,9.50
22394,18,0.56,0.44,0.47,0.84,1,3,1,1.27,1.41,9.67,3.22,2.90,3.00,2.75
54340,18,3.00,0.78,2.84,1.53,2,3,1,2.23,1.22,11.00,2.67,1.14,8.75,20.75
51237,18,0.67,0.11,1.32,0.26,0,0,2,1.26,1.03,9.55,3.45,2.05,3.40,3.75
56833,18,1.44,1.13,1.63,1.21,0,2,1,1.48,1.31,12.32,3.91,2.35,3.45,3.00
33028,18,1.44,1.22,1.05,1.58,1,5,1,1.45,1.28,10.00,4.67,6.35,4.15,1.56
39319,18,2.00,2.40,1.79,1.74,2,6,1,1.63,1.33,11.92,2.69,3.20,3.50,2.25
24382,19,1.00,1.38,1.11,1.21,1,1,2,1.67,1.59,11.25,3.88,2.95,3.10,2.65
21484,19,0.88,0.75,1.21,1.05,1,5,1,1.14,1.27,8.26,4.00,4.20,3.55,1.91
25206,19,1.00,0.13,1.05,0.74,0,0,2,1.57,1.02,10.25,2.88,1.67,3.75,6.25
32090,19,1.38,2.13,1.42,2.32,2,1,0,1.48,1.66,13.00,4.01,9.50,5.55,1.32
53318,19,2.75,1.25,2.79,1.05,4,0,0,1.93,1.10,10.13,2.76,1.17,7.75,18.00
74523,19,1.88,0.63,1.89,0.37,3,1,0,1.82,1.28,11.00,4.00,1.33,5.80,9.75
45154,19,2.14,1.13,2.00,0.84,5,0,0,1.68,1.33,11.45,1.84,1.34,5.35,9.00
30608,19,1.75,1.75,1.21,1.32,1,1,2,1.15,1.48,8.63,4.26,5.50,3.85,1.67
20415,19,1.67,2.00,1.42,1.58,1,2,1,1.40,1.55,10.94,3.53,5.25,3.95,1.67
31654,19,1.00,1.38,1.21,1.11,1,2,1,1.53,1.23,9.25,5.13,2.25,3.35,3.30
30597,20,1.67,1.00,1.21,1.05,1,0,0,1.18,1.29,9.11,5.00,3.35,3.15,2.35
24423,20,1.00,0.56,1.11,0.37,1,0,0,1.63,1.26,9.44,4.00,2.00,3.20,4.25
32047,20,1.56,0.22,1.42,0.74,0,1,1,1.45,1.04,7.56,4.00,1.53,3.90,7.50
46356,20,2.25,1.33,2.00,1.21,1,3,1,1.65,1.61,10.14,2.77,1.49,4.20,7.50
20336,20,1.50,1.11,1.42,1.05,1,1,2,1.38,1.07,8.31,3.37,1.69,3.80,5.50
53326,20,2.78,1.67,2.79,1.32,5,1,0,1.94,1.44,12.33,2.34,1.39,5.15,7.75
25781,20,1.00,2.11,1.05,1.58,0,1,1,1.64,1.54,13.11,3.00,5.00,3.75,1.74
20933,20,0.78,1.56,1.21,1.11,2,0,0,1.18,1.27,7.56,4.00,3.85,3.35,2.05
31381,20,0.89,1.89,1.21,2.32,1,3,1,1.50,1.66,13.22,4.23,11.50,6.30,1.25
74556,20,2.00,1.00,1.89,0.84,4,1,0,1.83,1.34,12.23,2.78,1.43,5.30,7.00
39052,21,1.80,1.40,1.79,1.32,0,1,1,1.60,1.32,12.40,2.40,2.00,3.45,4.00
59887,21,2.30,0.20,2.37,0.26,4,1,0,1.54,0.99,8.60,4.00,1.35,5.30,8.75
32485,21,1.30,2.45,1.05,1.74,0,3,1,1.42,1.38,9.46,3.72,8.50,4.85,1.39
40668,21,2.10,0.70,2.21,0.84,0,0,2,1.74,1.42,9.70,3.20,1.28,6.05,12.00
23715,21,0.50,0.50,0.47,0.89,1,2,1,1.29,0.83,7.60,3.70,2.30,3.10,3.55
59870,21,1.30,0.70,1.63,0.68,2,2,2,1.52,0.98,10.70,3.80,2.00,3.55,3.95
30666,21,1.40,1.00,1.79,1.53,0,2,1,1.36,1.18,7.90,3.90,2.30,3.15,3.60
10261,21,1.70,1.33,1.53,1.21,3,3,2,1.30,1.30,11.27,4.51,2.65,3.50,2.70
52217,21,0.70,1.40,1.32,1.58,0,2,1,1.22,1.34,11.40,4.20,5.55,4.15,1.65
54511,21,2.70,2.60,2.84,2.32,2,1,0,2.23,1.57,14.10,1.60,2.00,3.85,3.90
59946,22,1.27,1.50,1.63,1.32,1,0,0,1.53,1.39,11.17,3.33,3.55,3.85,2.05
30862,22,1.80,2.36,1.21,2.32,0,1,1,1.17,1.54,9.84,3.48,10.25,5.10,1.36
19316,22,1.00,0.18,1.21,0.26,2,1,0,1.24,1.01,6.52,3.43,2.40,3.30,3.20
30725,22,1.18,0.50,1.05,0.37,0,0,2,1.37,1.25,9.09,3.82,2.20,3.20,3.80
25010,22,0.90,1.30,1.05,1.21,1,2,1,1.52,1.29,12.60,3.60,2.35,3.35,3.25
31491,22,1.40,0.73,1.42,0.84,1,2,1,1.47,1.38,9.85,4.30,1.95,3.40,4.50
40491,22,2.00,1.10,2.21,1.05,2,1,0,1.73,1.06,8.49,2.88,1.21,6.80,17.50
38113,22,1.64,0.90,1.79,0.84,2,0,0,1.59,1.30,12.24,2.00,1.71,4.05,5.00
80062,22,2.00,1.55,2.00,1.58,0,1,1,1.60,1.38,10.06,3.66,2.10,3.50,3.80
54171,22,2.73,1.50,2.84,1.21,3,0,0,2.15,1.58,12.55,2.72,1.18,7.75,18.25
31278,23,1.27,1.55,1.79,1.32,4,3,0,1.32,1.31,10.19,3.37,2.30,3.15,3.55
10495,23,1.64,1.40,1.53,1.11,2,0,0,1.41,1.26,9.55,4.67,2.15,3.55,3.45
53171,23,2.80,1.18,2.79,1.53,4,3,0,1.94,1.21,10.82,2.98,1.22,6.85,15.75
74532,23,2.10,0.73,1.89,0.68,2,1,0,1.81,1.02,10.30,3.72,1.42,5.05,8.25
49864,23,0.64,0.50,1.32,0.74,3,0,0,1.23,1.06,8.81,3.05,2.10,3.15,4.25
29989,23,0.80,0.90,1.21,1.05,2,1,0,1.44,1.31,10.30,5.10,2.85,3.35,2.60
19510,23,1.45,0.73,1.42,0.89,0,0,2,1.39,0.94,7.64,4.28,1.65,4.00,5.70
59979,23,2.36,2.20,2.37,1.58,2,0,0,1.59,1.54,11.20,3.50,3.20,3.55,2.30
24190,23,0.45,2.00,0.47,2.32,0,3,1,1.25,1.67,12.81,3.25,22.00,8.25,1.15
24807,23,1.20,2.50,1.11,1.74,1,2,1,1.63,1.37,9.45,3.67,5.65,3.80,1.71
59933,24,2.42,0.45,2.37,0.74,2,1,0,1.60,1.05,9.47,3.28,1.23,6.90,14.25
22008,24,1.09,0.67,1.11,0.68,4,2,0,1.59,1.02,9.44,3.67,2.45,3.20,3.10
23699,24,0.42,0.82,0.47,1.05,0,1,1,1.22,1.27,9.85,3.77,3.85,3.25,2.15
31122,24,1.42,1.27,1.79,1.11,3,0,0,1.34,1.25,8.58,4.19,2.05,3.50,3.90
74529,24,2.18,0.75,1.89,0.89,2,2,2,1.80,0.98,9.27,4.40,1.31,5.95,10.00
50861,24,0.83,2.09,1.32,2.32,2,1,0,1.26,1.64,13.55,3.24,16.25,7.75,1.19
10227,24,1.75,2.00,1.53,1.58,4,0,0,1.41,1.54,10.44,3.63,5.35,4.15,1.67
28339,24,1.00,1.08,1.21,1.53,1,1,2,1.42,1.18,9.02,4.72,2.45,3.30,3.05
53092,24,2.82,1.42,2.79,1.32,1,1,2,1.99,1.35,13.01,2.58,1.25,6.55,12.00
29164,24,1.80,1.45,2.00,1.21,2,1,0,1.68,1.30,10.95,3.55,1.67,3.90,5.60
41219,25,1.91,1.00,2.00,1.05,1,0,0,1.67,1.06,9.37,2.64,1.43,4.55,9.00
30414,25,1.64,1.33,1.21,1.21,0,0,2,1.12,1.26,9.42,4.67,2.50,3.30,3.00
19787,25,1.18,0.92,1.21,0.84,1,1,2,1.20,1.34,7.97,3.72,2.50,3.30,3.00
40626,25,2.08,0.55,2.21,0.37,5,0,0,1.71,1.23,9.88,3.08,1.26,6.15,14.00
25355,25,0.82,0.17,1.05,0.26,2,0,0,1.56,1.04,10.35,3.02,1.91,3.60,4.25
39380,25,1.75,1.36,1.79,1.21,1,3,1,1.57,1.45,11.23,3.24,2.60,3.30,2.85
31939,25,1.17,0.82,1.05,0.84,2,0,0,1.28,1.37,10.83,2.83,3.35,3.45,2.25
32148,25,1.27,1.67,1.42,1.58,0,1,1,1.54,1.40,10.40,4.77,3.75,3.55,2.05
54483,25,2.75,1.36,2.84,1.32,3,1,0,2.19,1.37,12.56,2.47,1.26,7.00,10.50
59903,25,1.42,2.42,1.63,2.32,1,1,2,1.52,1.52,12.08,2.66,9.00,5.40,1.36
39322,27,1.62,1.92,1.79,2.32,0,2,1,1.54,1.62,13.81,3.38,9.75,6.00,1.31
25001,26,1.25,1.77,1.11,1.58,0,3,1,1.65,1.40,10.21,4.62,5.30,4.15,1.67
25552,26,1.00,1.17,1.05,1.11,1,1,2,1.56,1.19,11.33,3.50,2.15,3.45,3.55
24182,26,0.38,1.25,0.47,1.32,1,2,1,1.22,1.30,8.96,3.04,5.10,3.85,1.74
53178,26,2.67,0.75,2.79,0.84,3,0,0,1.95,1.35,13.08,1.92,1.19,7.75,16.50
31438,26,1.00,0.42,1.21,0.74,1,2,1,1.43,1.07,8.91,4.16,1.80,3.60,5.05
20333,26,1.42,1.00,1.42,1.05,1,0,0,1.37,1.27,9.84,4.16,2.45,3.30,3.10
29323,26,1.58,0.77,1.21,0.89,1,3,1,1.20,0.97,7.25,4.62,2.05,3.25,4.20
44154,26,2.00,1.38,2.00,1.32,3,1,0,1.68,1.31,11.37,2.69,1.69,3.80,5.70
54452,26,2.77,1.83,2.84,1.58,6,0,0,2.21,1.57,12.96,2.27,1.57,4.30,6.30
30687,26,1.54,0.92,1.79,1.05,1,1,2,1.39,1.03,8.12,3.66,1.83,3.45,5.20
30387,27,1.31,1.31,1.05,1.21,1,5,1,1.27,1.21,10.00,4.23,3.15,3.35,2.40
59950,27,1.38,0.15,1.63,0.26,3,1,0,1.49,1.03,8.92,3.39,1.87,3.80,4.30
21338,27,1.17,2.54,1.21,1.74,2,1,0,1.24,1.41,8.27,3.52,5.55,3.90,1.71
10671,27,1.85,1.50,1.53,1.21,1,1,2,1.41,1.42,9.42,3.83,2.90,3.25,2.65
52174,27,1.00,0.50,1.32,0.37,2,0,0,1.22,1.19,9.95,3.21,1.95,3.30,4.80
31778,27,1.17,1.08,1.42,1.53,1,4,1,1.57,1.20,9.91,4.65,2.25,3.35,3.55
59877,27,2.46,0.92,2.37,0.84,2,0,0,1.59,1.32,10.00,3.92,1.57,4.30,6.30
74519,27,2.08,2.31,1.89,2.32,0,0,2,1.88,1.52,12.36,2.83,3.50,3.35,2.25
31849,28,1.21,0.92,1.05,1.05,0,3,1,1.29,1.27,9.78,4.33,3.90,3.30,2.10
22714,28,0.36,1.46,0.47,1.21,1,0,0,1.27,1.39,9.19,3.65,4.95,3.45,1.83
30558,28,1.08,0.62,1.42,0.68,2,1,0,1.61,1.06,9.85,4.15,1.83,3.45,4.95
48323,28,1.14,0.93,1.32,0.89,2,0,0,1.35,0.98,9.07,4.00,2.15,3.15,3.85
59618,28,2.50,0.69,2.37,0.84,5,1,0,1.58,1.33,11.71,2.87,1.44,5.30,6.85
27597,28,0.92,0.14,1.21,0.26,2,0,0,1.46,1.04,8.02,4.41,2.00,3.40,4.00
25754,28,1.00,1.86,1.05,1.58,1,3,1,1.59,1.43,12.20,4.03,3.25,3.20,2.35
40542,28,2.15,2.36,2.21,1.74,2,0,0,1.74,1.43,10.56,2.94,2.30,3.35,3.35
53316,28,2.69,1.43,2.79,1.21,5,0,0,1.98,1.24,12.01,3.36,1.29,5.60,11.50
53528,28,2.79,1.15,2.84,1.11,1,0,0,2.19,1.18,10.91,2.86,1.14,8.75,19.00
81332,29,2.08,1.38,2.00,1.32,1,1,2,1.65,1.29,9.69,2.70,2.05,3.55,3.65
10699,29,1.79,2.00,1.53,2.32,0,1,1,1.40,1.61,12.75,3.99,12.75,7.00,1.22
30182,29,1.46,0.46,1.21,0.37,1,0,0,1.25,1.13,8.62,3.69,1.80,3.35,5.20
19223,29,1.31,1.21,1.21,1.53,1,3,1,1.24,1.20,7.85,3.83,2.85,3.20,2.65
74459,29,2.00,0.86,1.89,0.84,3,2,0,1.79,1.32,10.59,3.55,1.48,4.35,7.25
31309,29,1.50,0.62,1.79,0.74,2,0,0,1.43,1.07,8.90,3.69,1.56,3.90,6.95
59910,29,1.50,0.92,1.63,1.05,2,0,0,1.53,1.02,9.74,3.19,2.20,3.30,3.50
20062,29,1.54,1.29,1.42,1.32,2,1,0,1.34,1.38,10.71,3.33,2.65,3.30,2.75
24900,29,1.15,1.69,1.11,1.58,1,2,1,1.64,1.54,10.84,3.54,6.75,4.45,1.49
39335,29,1.50,2.21,1.79,2.32,0,0,2,1.49,1.49,11.93,2.64,6.20,4.00,1.59
24972,30,0.93,0.57,1.05,0.68,1,2,1,1.58,1.10,11.71,3.21,1.91,3.35,4.85
32458,30,1.13,1.07,1.05,1.11,2,0,0,1.26,1.13,8.37,3.87,3.25,3.40,2.30
22304,30,0.53,0.64,0.47,0.84,0,2,1,1.28,1.32,10.19,2.74,3.25,3.25,2.40
32017,30,1.21,0.13,1.42,0.26,3,1,0,1.59,1.05,8.66,4.02,1.57,4.40,6.05
52242,30,1.27,1.07,1.32,1.05,3,2,0,1.35,1.28,10.79,3.90,2.80,3.10,2.85
31890,30,1.07,2.20,1.21,1.74,2,1,0,1.46,1.39,10.03,4.23,4.50,3.85,1.83
54104,30,2.80,1.33,2.84,1.21,3,1,0,2.21,1.21,12.33,3.13,1.11,11.25,24.50
53310,30,2.71,0.87,2.79,0.89,4,2,0,2.00,1.00,10.34,3.46,1.17,7.75,19.75
40692,30,2.21,1.36,2.21,1.21,1,1,2,1.69,1.35,10.21,3.14,1.54,4.10,7.00
60000,30,2.53,1.93,2.37,1.58,2,0,0,1.59,1.42,10.53,4.40,2.40,3.50,3.00
10625,31,1.67,0.86,1.53,1.05,2,2,2,1.32,1.02,8.43,3.93,2.10,3.45,3.55
20719,31,1.21,1.20,1.21,1.32,1,2,1,1.29,1.37,9.87,3.31,3.05,3.25,2.45
59931,31,1.60,0.43,1.63,0.37,4,3,0,1.51,1.11,10.00,3.39,1.59,3.95,6.35
25043,31,1.07,2.13,1.11,2.32,1,2,1,1.62,1.46,11.51,3.34,3.90,4.85,1.51
39356,31,1.47,1.79,1.79,1.58,2,0,0,1.47,1.56,11.00,2.83,4.30,3.60,1.87
25001,32,1.00,2.07,1.11,2.32,0,2,1,1.56,1.66,13.26,3.93,19.50,11.25,1.12
30636,32,1.57,0.80,1.21,0.84,0,1,1,1.27,1.31,9.11,3.73,2.55,3.10,3.10
20990,32,1.13,1.33,1.21,1.21,2,0,0,1.29,1.29,8.87,3.80,3.15,3.15,2.50
25193,32,0.87,0.40,1.05,0.37,2,0,0,1.57,1.13,11.80,3.27,1.51,4.10,7.75
31530,32,1.33,0.80,1.42,0.84,2,0,0,1.63,1.32,11.60,3.26,1.80,3.90,4.60
74543,32,2.07,1.25,1.89,1.21,2,1,0,1.80,1.16,11.13,3.96,1.44,4.75,7.50
59988,32,1.69,1.00,1.63,1.05,0,2,1,1.51,1.26,10.67,3.83,2.55,3.40,2.90
32657,32,1.25,1.67,1.05,1.58,1,2,1,1.29,1.57,9.88,3.35,9.25,4.90,1.39
53322,32,2.73,2.06,2.79,1.74,2,1,0,2.00,1.41,12.01,2.81,1.59,4.25,6.10
59869,32,2.56,0.87,2.37,1.05,2,0,0,1.58,1.04,9.61,3.68,1.39,5.20,9.00
17301,33,1.64,0.13,1.42,0.26,4,1,0,1.32,1.03,7.58,3.61,1.77,3.85,5.20
31302,33,1.60,1.81,1.79,1.58,2,1,0,1.43,1.43,9.71,4.49,4.00,3.55,2.05
38593,27,2.13,0.73,2.21,0.68,3,0,0,1.71,1.08,9.87,3.00,1.30,5.55,12.50
59215,31,2.00,1.33,2.00,1.53,2,0,0,1.62,1.20,9.43,3.34,1.50,4.45,6.95
53559,33,2.81,0.57,2.84,0.74,2,0,0,2.23,1.10,11.63,2.52,1.07,15.75,31.00
31797,33,1.20,2.19,1.21,2.32,1,3,1,1.45,1.50,11.26,3.78,9.00,5.30,1.38
10446,33,1.63,0.81,1.53,0.89,1,3,1,1.32,0.98,8.25,4.51,2.10,3.50,3.65
24126,33,0.50,1.31,0.47,1.32,1,4,1,1.26,1.34,10.06,3.44,5.55,4.00,1.65
51926,33,1.38,1.25,1.32,1.53,0,1,1,1.38,1.17,10.00,3.56,2.55,3.15,3.00
39400,33,1.56,1.36,1.79,1.32,1,0,0,1.48,1.27,9.89,3.17,3.05,3.50,2.30
40537,33,2.19,1.00,2.21,1.11,2,0,0,1.72,1.13,9.79,2.93,1.28,6.25,12.75
32108,34,1.44,0.81,1.42,1.05,0,1,1,1.63,1.01,9.44,3.75,1.69,3.70,5.50
58308,34,2.07,0.38,2.00,0.37,4,0,0,1.70,1.16,9.78,2.89,1.24,6.30,15.50
30460,34,1.47,0.75,1.21,0.84,0,5,1,1.26,1.30,10.24,3.06,2.25,3.25,3.50
21480,34,1.25,0.53,1.21,0.74,2,0,0,1.25,1.06,8.25,3.36,1.87,3.60,4.55
24971,34,0.94,1.13,1.11,1.05,2,0,0,1.49,1.31,9.94,4.31,4.85,4.10,1.71
31708,34,1.13,1.25,1.21,1.21,3,1,0,1.42,1.26,9.69,4.63,2.60,3.15,3.05
74478,34,2.13,0.94,1.89,1.11,2,1,0,1.76,1.12,10.08,3.55,1.42,4.95,7.75
25721,34,1.00,2.13,1.05,2.32,1,3,1,1.57,1.69,15.57,3.11,10.00,5.60,1.33
53279,34,2.75,1.75,2.79,1.58,2,0,0,1.96,1.56,12.38,2.50,1.77,3.80,5.25
20480,34,1.73,1.27,1.42,1.32,0,1,1,1.34,1.25,9.00,3.86,3.35,3.75,2.15
30226,31,1.38,0.50,1.21,0.74,0,2,1,1.24,1.07,8.75,3.94,1.95,3.25,4.65
54489,35,2.82,1.94,2.84,1.74,1,0,0,2.28,1.40,13.00,2.52,1.25,6.55,11.25
10511,35,1.53,0.12,1.53,0.26,0,1,1,1.30,1.07,7.88,3.88,1.69,4.15,4.75
23957,35,0.47,1.18,0.47,1.21,1,2,1,1.25,1.22,9.30,4.00,4.10,3.60,1.91
59960,35,1.59,1.41,1.63,1.32,2,2,2,1.47,1.38,11.41,3.12,3.10,3.45,2.30
31096,35,1.69,0.69,1.79,0.68,0,0,2,1.40,1.05,8.88,3.69,1.77,3.40,5.60
52191,35,1.29,0.94,1.32,0.84,3,1,0,1.41,1.29,10.68,3.34,2.50,3.05,3.15
39395,35,1.65,1.71,1.79,1.58,4,0,0,1.51,1.43,10.35,4.00,3.15,3.40,2.35
59929,35,2.59,1.35,2.37,1.53,2,3,1,1.55,1.14,9.88,3.82,1.48,4.65,6.55
33082,35,1.18,2.24,1.05,2.32,0,2,1,1.28,1.51,10.77,3.29,15.50,7.25,1.19
40642,35,2.24,0.94,2.21,0.89,2,2,2,1.73,1.00,9.53,3.47,1.23,6.60,15.00
19170,31,1.63,0.88,1.42,0.84,1,1,2,1.32,1.29,9.63,3.88,2.30,3.45,3.35
56251,33,2.13,0.71,2.00,0.68,1,0,0,1.70,1.02,8.97,3.01,1.29,5.70,13.50
31436,31,1.65,1.38,1.79,1.32,3,1,0,1.46,1.28,9.96,3.57,2.85,3.45,2.60
74431,31,2.19,2.19,1.89,2.32,0,2,1,1.74,1.71,14.32,3.26,6.75,4.70,1.50
53249,36,2.76,0.35,2.79,0.37,5,0,0,1.95,1.14,11.47,2.59,1.07,14.50,42.75
60043,36,2.18,0.88,2.00,1.11,0,1,1,1.73,1.14,9.65,3.06,1.42,5.15,7.50
25789,36,0.94,1.06,1.05,1.05,0,0,2,1.53,1.30,11.94,3.47,2.75,3.35,2.70
23822,36,1.06,0.65,1.11,0.74,1,0,0,1.49,1.06,9.12,3.94,2.40,3.60,3.00
31310,36,1.24,0.88,1.21,0.84,3,3,2,1.42,1.31,10.36,3.76,1.95,3.75,4.05
20323,36,1.59,1.18,1.42,1.21,1,2,1,1.32,1.27,9.42,4.42,2.65,3.25,2.85
30587,36,1.29,0.94,1.21,1.05,1,1,2,1.25,1.02,8.29,3.70,2.25,3.20,3.60
32037,36,1.35,1.29,1.42,1.32,3,0,0,1.62,1.26,9.94,3.88,2.70,3.55,2.60
21605,36,1.35,2.24,1.21,2.32,0,1,1,1.29,1.69,12.23,3.24,17.50,8.25,1.17
74526,36,2.06,1.65,1.89,1.58,1,1,2,1.69,1.52,10.76,3.18,2.65,3.35,2.80
39303,37,1.72,0.94,1.79,0.89,2,0,0,1.52,0.99,9.45,3.66,1.69,3.95,5.65
10630,37,1.44,1.83,1.53,1.74,1,0,0,1.31,1.38,9.56,3.84,5.50,4.45,1.61
59961,37,1.56,0.89,1.63,0.84,3,0,0,1.46,1.29,10.67,3.33,2.30,3.55,3.15
30456,37,1.72,0.28,1.79,0.26,1,0,0,1.44,1.10,8.89,3.61,1.50,4.35,7.25
32133,37,1.11,1.44,1.05,1.53,2,3,1,1.25,1.17,8.61,3.77,2.55,3.60,2.75
52206,37,1.39,2.28,1.32,2.32,2,3,1,1.41,1.53,12.39,2.83,9.00,5.15,1.37
40650,37,2.17,1.28,2.21,1.21,3,0,0,1.79,1.23,10.77,3.33,1.30,6.05,10.50
24263,37,0.44,1.61,0.47,1.58,1,1,2,1.25,1.40,8.84,4.34,10.75,5.90,1.30
59965,37,2.44,0.67,2.37,0.68,1,1,2,1.57,1.00,9.56,3.72,1.29,5.80,12.25
54506,37,2.83,1.39,2.84,1.32,1,0,0,2.24,1.39,13.61,2.34,1.19,7.75,14.50
30662,38,1.28,2.28,1.21,2.32,1,4,1,1.25,1.70,12.56,3.50,15.25,7.50,1.18
21461,38,1.28,1.22,1.21,1.32,1,3,1,1.24,1.23,8.61,3.50,3.15,3.75,2.20
25433,38,0.94,0.89,1.05,0.84,5,3,0,1.48,1.31,12.06,2.66,1.87,4.05,3.85
24979,38,1.17,0.94,1.11,1.05,0,4,1,1.47,1.00,8.95,3.83,2.60,3.50,2.65
32140,38,1.44,1.61,1.42,1.58,0,0,2,1.68,1.52,10.78,3.62,2.45,3.60,2.80
53331,38,2.78,1.28,2.79,1.21,2,0,0,1.96,1.27,11.89,3.00,1.32,5.80,9.00
74457,38,2.00,0.61,1.89,0.74,0,2,1,1.67,1.10,9.77,3.50,1.28,6.20,10.00
30367,38,1.22,0.33,1.21,0.37,1,1,2,1.46,1.11,9.50,4.00,1.41,4.90,7.50
60124,38,2.06,1.06,2.00,1.05,2,2,2,1.71,1.32,10.39,3.23,2.10,3.50,3.55
20067,38,1.50,1.00,1.42,1.11,1,4,1,1.30,1.18,9.00,4.11,2.20,3.70,3.10